#,ID,Chromosome,Position,"Region score","TSS score","Unmatched score","Average GERP","Average DAF","Average het",GERP,%GC,"TSS distance","SS distance",ACCEPTOR,ATF3,BATF,BCL11A,BCL3,BCLAF1,BDP1,BHLHE40,BRCA1,BRF1,BRF2,CCNT2,CDS,CEBPB,CHD2,CTBP2,CTCF,CTCFL,CTCF_REG,DNase,DONOR,E2F1,E2F4,E2F6,EBF1,EGR1,ELF1,ELK4,ENH,EP300,ERALPHAA,ESRRA,ETS1,EXON,Eralphaa,FAIRE,FAM48A,FOS,FOSL1,FOSL2,FOXA1,FOXA2,GABPA,GATA1,GATA2,GATA3,GTF2B,GTF2F1,GTF3C2,H2AFZ,H3K27ac,H3K27me3,H3K36me3,H3K4me1,H3K4me2,H3K4me3,H3K79me2,H3K9ac,H3K9me1,H3K9me3,H4K20me1,HDAC2,HDAC8,HEY1,HMGN3,HNF4A,HNF4G,HSF1,INTRON,IRF1,IRF3,IRF4,JUN,JUNB,JUND,KAT2A,MAFF,MAFK,MAX,MEF2A,MEF2_complex,MXI1,MYC,NANOG,NFE2,NFKB1,NFYA,NFYB,NR2C2,NR3C1,NR4A1,NRF1,PAX5,PBX3,POLR2A,POLR2A_elongating,POLR3A,POU2F2,POU5F1,PPARGC1A,PRDM1,RAD21,RDBP,REP,REST,RFX5,RXRA,SETDB1,SIN3A,SIRT6,SIX5,SLC22A2,SMARCA4,SMARCB1,SMARCC1,SMARCC2,SMC3,SP1,SP2,SPI1,SREBF1,SREBF2,SRF,START,STAT1,STAT2,STAT3,STOP,SUZ12,TAF1,TAF7,TAL1,TBP,TCF12,TCF7L2,TFAP2A,TFAP2C,THAP1,TRAN,TRIM28,TSS,TSS_FLANK,USF1,USF2,UTR3,UTR5,WEAK_ENH,WRNIP1,XRCC4,YY1,ZBTB33,ZBTB7A,ZEB1,ZNF143,ZNF263,ZNF274,ZZZ3,bound_motifs,cpg_island,dnase_fps,in_cpg,pwm,repeat,seq_A,seq_C,seq_G,seq_T
1,rs185503117,1,"8,227,072",0.38000,0.32000,0.14000,-1.16594,0.00104,0.00020,-0.10400,38.6%,-22811,-23319,-,-,-,-,-,-,-,-,-,-,-,-,-,-,-,-,-,-,-,-,-,-,-,-,-,-,-,-,1,-,-,-,-,-,-,-,-,-,-,-,-,-,-,-,-,-,-,-,-,1,4,1,-,7,2,-,-,-,-,-,-,-,-,-,-,-,-,-,-,-,-,-,-,-,-,-,-,-,-,-,-,-,-,-,-,-,-,-,-,-,-,-,-,-,-,-,-,-,-,-,-,-,-,2,-,-,-,-,-,-,-,-,-,-,-,-,-,-,-,-,-,-,-,-,-,-,-,-,-,-,-,-,-,-,-,-,-,-,-,-,-,-,-,-,-,-,-,-,-,-,-,-,-,-,-,-,-,-,-,-,-,-,-,-,-,-,1
2,rs74053809,1,"8,229,544",0.41000,0.37000,0.43000,-0.58924,0.00012,0.00024,-0.50700,46.5%,-20339,-20847,-,-,1,1,1,-,-,-,-,-,-,-,-,-,-,-,-,-,-,28,-,-,-,-,-,-,-,-,3,-,-,-,-,-,-,2,-,1,-,-,-,-,-,-,-,-,-,-,-,5,12,1,-,10,8,1,-,6,-,-,-,-,-,-,-,-,-,-,-,-,-,2,-,-,-,-,-,-,-,-,-,-,-,-,-,5,-,-,-,-,-,-,3,-,-,-,-,-,-,-,-,-,-,1,-,-,-,-,-,-,-,-,-,-,-,-,-,-,-,-,-,-,-,-,-,-,-,-,-,-,-,-,-,1,-,-,-,-,-,-,-,-,-,-,-,-,-,-,-,-,-,-,-,-,-,-,-,8,-,8,-,-,-,-,1,-,-
3,rs72987239,1,"101,594,054",0.69000,0.76000,0.50000,1.13616,0.00004,0.00008,4.63000,42.6%,-4654,41646,-,-,-,-,-,-,-,-,-,-,-,-,-,-,-,-,-,-,-,9,-,-,-,-,-,-,-,-,2,1,-,-,-,-,-,8,-,-,-,-,2,1,1,1,1,-,-,-,-,2,2,-,-,2,4,3,-,-,-,-,-,-,-,-,-,-,-,-,-,-,-,-,-,1,1,-,-,-,1,-,-,-,1,-,-,-,-,-,-,-,-,-,-,-,2,-,-,-,-,-,-,-,-,1,-,-,-,-,-,-,-,-,-,-,-,-,-,-,-,-,-,-,-,-,-,-,-,-,-,-,-,1,-,-,-,-,-,-,-,-,-,1,1,-,-,-,1,-,-,-,-,-,-,-,-,-,-,-,-,5,-,-,-,-,-,-,1
4,rs116830992,1,"156,718,720",0.46000,0.36000,0.69000,0.68061,0.00030,0.00051,-0.07390,56.4%,-1456,1493,-,-,-,-,-,-,-,-,-,-,-,-,-,1,-,-,-,-,-,16,-,-,-,-,-,-,-,-,1,1,1,-,-,-,1,5,-,-,-,-,-,-,2,-,-,-,-,1,-,1,12,1,6,13,12,19,6,13,-,-,2,-,-,-,-,-,-,-,1,-,-,-,-,-,-,-,-,-,-,-,-,-,-,-,-,5,-,-,2,-,-,-,-,-,5,1,-,-,-,-,-,-,-,-,-,-,-,-,-,-,-,-,-,-,-,-,-,-,-,1,-,-,-,-,-,-,1,-,-,-,-,-,2,-,-,-,-,-,-,-,4,-,-,-,-,-,-,-,-,-,-,1,-,-,-,-,-,-,-,2,-,-,-,-,1,-,-
5,rs78404309,10,"6,125,736",0.45000,0.61000,0.52000,-1.44939,0.00024,0.00045,-4.41000,47.5%,-5212,-5420,-,-,-,-,-,-,-,-,-,-,-,-,-,-,-,-,-,-,-,22,-,-,-,-,-,-,-,-,1,-,-,-,-,-,-,1,-,-,-,-,-,-,-,-,1,-,-,-,-,1,-,9,-,4,2,3,-,-,-,-,-,-,-,-,-,-,-,-,-,-,-,-,-,-,-,-,-,-,-,-,-,-,-,-,-,-,-,-,-,-,-,-,-,-,-,-,-,-,-,-,-,-,-,4,-,-,-,-,-,-,-,-,-,-,-,-,-,-,-,-,-,-,-,-,-,-,-,-,-,-,-,-,-,-,-,-,-,-,-,-,-,-,-,-,-,-,1,-,-,-,-,-,-,-,-,-,-,-,-,8,1,-,-,-,-,1,-
6,rs2001595,10,"104,395,085",0.52000,0.48000,0.24000,0.01828,0.00020,0.00034,-0.72700,51.5%,-9166,5262,-,-,-,-,-,-,-,-,-,-,-,-,-,-,-,-,-,-,-,-,-,-,-,-,-,-,-,-,1,-,-,-,-,-,-,2,-,-,-,-,-,-,-,-,-,-,-,-,-,1,2,-,-,7,1,-,-,-,-,-,-,-,-,-,-,-,-,-,-,-,-,-,-,-,-,-,-,-,-,-,-,-,-,-,-,-,-,-,-,-,-,-,-,-,-,-,-,-,-,-,-,-,-,4,-,-,-,-,-,-,-,-,-,-,-,-,-,-,-,-,-,-,-,-,-,-,-,-,-,-,-,-,-,-,-,-,-,-,-,-,-,-,-,-,-,-,1,-,-,-,-,-,-,-,-,-,-,1,-,-,-,-,-,-,1,-,-
7,rs7931483,11,"76,302,067",0.45000,0.04000,0.39000,0.12274,0.00053,0.00057,-0.77200,37.6%,0,-35007,-,-,-,-,-,-,-,-,-,-,-,-,-,-,-,-,-,-,-,-,-,-,-,-,-,-,-,-,-,-,-,-,-,1,-,-,-,-,-,-,-,-,-,-,-,-,-,-,-,-,-,-,-,-,-,-,-,-,-,-,-,-,-,-,-,-,-,-,-,-,-,-,-,-,-,-,-,-,-,-,-,-,-,-,-,-,-,-,-,-,-,-,-,-,-,-,-,-,-,-,-,-,-,5,-,-,-,-,-,-,-,-,-,-,-,-,-,-,-,-,-,-,-,-,-,-,-,-,-,-,-,-,-,-,-,-,-,-,-,-,-,-,-,-,-,-,-,-,-,-,-,-,-,-,-,-,-,-,-,-,-,-,-,-,1,-,-
8,rs7930763,11,"76,302,073",0.45000,0.06000,0.36000,0.06557,0.00053,0.00057,-1.56000,36.6%,5,-35001,-,-,-,-,-,-,-,-,-,-,-,-,-,-,-,-,-,-,-,-,-,-,-,-,-,-,-,-,-,-,-,-,-,1,-,-,-,-,-,-,-,-,-,-,-,-,-,-,-,-,-,-,-,-,-,-,-,-,-,-,-,-,-,-,-,-,-,-,-,-,-,-,-,-,-,-,-,-,-,-,-,-,-,-,-,-,-,-,-,-,-,-,-,-,-,-,-,-,-,-,-,-,-,5,-,-,-,-,-,-,-,-,-,-,-,-,-,-,-,-,-,-,-,-,-,-,-,-,-,-,-,-,-,-,-,-,-,-,-,-,-,-,-,-,-,-,-,-,-,-,-,-,-,-,-,-,-,-,-,-,-,-,-,-,-,1,-
9,rs117330495,11,"118,563,021",0.33000,0.55000,0.63000,-1.06096,0.00300,0.00239,0.09170,62.4%,-1711,1806,-,-,-,-,-,-,-,-,-,-,-,-,-,-,-,-,2,-,2,6,-,-,-,-,-,-,-,-,-,-,-,-,-,-,-,4,-,1,-,1,1,-,-,-,-,-,-,-,-,1,3,1,-,10,5,4,-,3,-,-,2,-,-,-,-,-,-,-,-,-,-,-,-,-,-,-,-,-,-,-,-,-,-,-,-,-,-,-,-,-,-,-,-,-,-,-,-,-,-,-,-,1,-,2,-,-,-,-,-,-,-,-,-,-,-,-,-,-,-,-,-,-,-,-,-,-,-,-,-,-,-,-,-,-,-,-,-,-,-,-,-,-,-,-,-,-,1,-,-,-,-,-,-,-,-,-,-,-,-,-,-,-,-,-,1,-,-
10,rs12322958,12,"6,249,996",0.31000,0.44000,0.21000,-0.61409,0.00315,0.00166,1.03000,53.5%,-16059,-14526,-,-,-,-,-,-,-,-,-,-,-,-,-,-,-,-,-,-,-,2,-,-,-,-,-,-,-,-,1,-,-,-,-,-,-,1,-,-,-,-,-,-,-,-,-,-,-,-,-,-,2,-,-,3,1,1,-,1,-,-,-,-,-,-,-,-,-,-,-,-,-,-,-,-,-,-,-,-,-,-,-,-,-,-,-,-,-,-,-,-,-,-,-,-,-,-,-,-,-,-,-,-,-,4,-,-,-,-,-,-,-,-,-,-,-,-,-,-,-,-,-,-,-,-,-,-,-,-,-,-,-,-,-,-,-,-,-,-,-,-,-,-,-,-,-,-,1,-,-,-,-,-,-,-,-,-,-,-,-,-,-,-,-,-,-,-,1
11,rs57572958,12,"6,250,202",0.33000,0.49000,0.25000,-0.17044,0.00304,0.00145,2.13000,36.6%,-16265,-14320,-,-,-,-,-,-,-,-,-,-,-,-,-,-,-,-,-,-,-,5,-,-,-,-,-,-,-,-,2,-,-,-,-,-,-,1,-,-,-,-,-,-,-,-,1,-,-,-,-,-,2,-,-,3,1,1,-,1,-,-,-,-,-,-,-,-,-,-,-,-,-,-,-,-,-,-,-,-,-,-,-,-,-,-,-,-,-,-,-,-,-,-,-,-,-,-,-,-,-,-,-,-,-,4,-,-,-,-,-,-,-,-,-,-,-,-,-,-,-,-,-,-,-,-,-,-,-,-,-,-,-,-,-,-,-,-,-,-,-,-,-,-,-,-,-,-,-,-,-,-,-,-,-,-,-,-,-,-,-,1,1,-,-,-,-,1,-
12,rs59067741,12,"6,250,532",0.45000,0.57000,0.33000,-0.80043,0.00133,0.00107,-4.77000,49.5%,-16595,-13990,-,-,-,-,-,-,-,-,-,-,-,-,-,-,-,-,-,-,-,1,-,-,-,-,-,-,-,-,2,-,-,-,-,-,-,1,-,1,-,-,-,-,-,-,1,-,-,-,-,-,2,-,-,3,1,1,-,1,-,-,-,-,-,-,-,-,-,-,-,-,-,-,-,-,-,-,-,-,-,-,-,-,-,-,-,-,-,-,-,-,-,-,-,-,-,-,-,-,-,-,-,-,-,3,-,-,-,-,-,-,-,-,-,-,-,-,-,-,-,-,-,-,-,-,-,-,-,-,-,-,-,-,-,-,-,-,-,-,-,-,-,-,-,-,-,-,-,-,-,-,-,-,-,-,-,-,-,-,-,3,-,-,-,1,-,-,-
13,rs11064048,12,"6,250,618",0.26000,0.38000,0.14000,-0.05815,0.00133,0.00107,0.00414,39.6%,-16681,-13904,-,-,-,-,-,-,-,-,-,-,-,-,-,-,-,-,-,-,-,1,-,-,-,-,-,-,-,-,1,-,-,-,-,-,-,1,-,-,-,-,-,-,-,-,-,-,-,-,-,-,2,-,-,3,1,-,-,1,-,-,-,-,-,-,-,-,-,-,-,-,-,-,-,-,-,-,-,-,-,-,-,-,-,-,-,-,-,-,-,-,-,-,-,-,-,-,-,-,-,-,-,-,-,4,-,-,-,-,-,-,-,-,-,-,-,-,-,-,-,-,-,-,-,-,-,-,-,-,-,-,-,-,-,-,-,-,-,-,-,-,-,-,-,-,-,-,-,-,-,-,-,-,-,-,-,-,-,-,-,-,-,-,-,-,-,-,1
14,rs117239407,12,"6,535,006",0.56000,0.64000,0.52000,0.04058,0.00039,0.00066,-0.88200,53.5%,-12657,-13836,-,-,-,-,-,-,-,-,-,-,-,-,-,-,-,-,-,-,-,2,-,-,-,-,-,-,-,-,-,-,-,-,-,-,-,1,-,-,-,-,-,-,-,-,-,-,-,-,-,3,1,1,-,2,2,4,1,1,-,-,-,-,-,-,-,-,-,-,-,-,-,-,-,-,-,-,-,-,-,-,-,-,-,-,-,-,-,-,-,-,-,-,-,-,-,-,-,-,-,-,-,-,-,4,-,-,-,-,-,-,-,-,-,-,-,-,-,-,-,-,-,-,-,-,-,-,-,-,-,-,-,-,-,-,-,-,-,-,-,-,1,-,-,-,-,-,-,-,-,-,-,-,-,-,-,-,-,-,-,1,1,-,-,-,-,1,-
15,rs75639654,12,"6,536,380",0.36000,0.49000,0.52000,-0.24422,0.00196,0.00130,-4.00000,46.5%,-11283,-12462,-,-,-,-,-,-,-,-,-,-,-,-,-,-,-,-,-,-,-,5,-,-,-,-,2,2,-,-,-,-,-,-,-,-,-,5,-,-,-,-,-,-,-,-,-,-,-,-,-,3,1,1,-,1,2,3,-,1,-,-,-,-,-,-,-,-,-,-,-,-,-,2,-,-,-,-,-,-,-,-,-,-,-,-,-,1,-,-,-,-,-,-,-,-,1,-,-,-,-,-,-,-,-,5,-,-,-,-,-,-,1,-,-,-,-,-,-,1,-,-,-,-,-,-,-,-,-,-,-,-,-,-,-,-,-,-,-,-,-,-,1,-,-,-,-,-,-,-,-,-,-,-,-,-,-,-,-,-,-,3,-,-,-,-,-,-,1
16,rs78726281,12,"68,845,576",0.40000,0.63000,0.99000,1.08203,0.00095,0.00138,0.80600,43.6%,-132,429,-,-,-,-,-,-,-,-,-,-,-,-,-,-,-,-,-,-,-,11,-,-,-,-,-,-,-,-,-,-,-,-,-,-,-,3,-,-,-,-,-,-,-,-,-,-,-,-,-,3,4,1,-,7,6,18,-,1,-,-,-,-,-,-,-,-,-,-,-,-,-,-,-,-,-,-,-,-,-,-,-,-,-,-,-,-,-,-,-,-,-,-,-,-,-,-,-,-,-,-,-,-,-,3,-,-,-,-,-,-,-,-,-,-,-,-,-,-,-,-,-,-,-,-,-,-,-,-,-,-,-,-,-,-,-,-,-,-,-,-,1,-,-,-,-,-,-,-,-,-,-,-,-,-,-,-,-,-,-,22,-,-,-,-,-,1,-
17,rs139833664,12,"123,591,671",0.53000,0.52000,0.72000,0.36578,0.00057,0.00056,-0.97100,54.5%,-1624,1769,-,-,-,-,-,-,-,-,-,-,-,-,-,-,-,-,-,-,-,25,-,-,-,-,-,-,2,1,3,1,-,-,-,-,-,6,-,-,-,-,-,-,3,-,-,-,-,-,-,2,3,-,2,8,4,2,1,5,-,-,-,-,-,-,-,-,-,-,1,-,-,-,-,-,1,-,-,-,1,-,-,-,1,-,-,-,-,-,-,-,-,-,-,-,1,-,-,-,-,-,-,1,-,-,-,-,-,-,-,-,-,-,-,-,-,-,-,-,-,-,-,-,-,-,-,-,-,-,-,-,-,-,1,-,-,-,1,-,-,-,-,-,-,-,-,-,1,-,-,-,-,-,-,-,-,-,-,-,-,-,-,-,-,-,-,1,-
18,rs7161479,14,"35,886,385",0.48000,0.51000,0.30000,-0.32479,0.00063,0.00090,1.39000,46.5%,-12429,12669,-,-,-,-,-,-,-,-,-,-,-,-,-,-,-,-,-,-,-,-,-,-,-,-,-,-,-,-,2,-,-,-,-,-,-,4,-,-,-,-,-,-,-,-,-,-,-,-,-,3,2,-,-,4,2,3,-,2,-,-,-,-,-,-,-,-,-,-,-,-,-,2,-,-,-,-,-,-,-,-,-,-,-,-,-,6,-,-,-,-,-,-,-,-,-,-,-,-,-,-,-,-,-,2,-,-,-,-,-,-,-,-,-,-,-,-,-,-,-,-,-,-,-,-,-,-,-,-,-,-,-,-,-,-,-,-,-,-,-,-,-,-,3,1,-,-,-,-,-,-,-,-,-,-,-,-,-,-,-,1,-,-,-,-,1,-,-
19,rs7196129,16,"30,471,109",0.33000,0.52000,0.42000,-0.43871,0.00129,0.00134,-3.66000,40.6%,-5690,-13110,-,-,-,-,-,-,-,-,-,-,-,-,-,-,-,-,-,-,-,-,-,-,-,-,-,-,-,-,1,-,-,-,-,-,-,1,-,-,-,-,-,-,-,-,-,-,-,-,-,2,2,-,-,2,2,4,-,3,-,-,-,-,-,-,-,-,-,-,-,-,-,-,-,-,-,-,-,-,-,-,-,-,-,-,-,-,-,-,-,-,-,-,-,-,-,-,-,-,-,-,-,-,-,4,-,-,-,-,-,-,-,-,-,-,-,-,-,-,-,-,-,-,-,-,-,-,-,-,-,-,-,-,-,-,-,-,-,-,-,-,-,-,-,-,-,-,-,-,-,-,-,-,-,-,-,-,-,-,-,1,-,-,-,-,-,-,1
20,rs79838392,16,"30,471,185",0.40000,0.37000,0.34000,0.00293,0.00138,0.00151,-0.07460,34.7%,-5766,-13034,-,-,-,-,-,-,-,-,-,-,-,-,-,-,-,-,-,-,-,1,-,-,-,-,-,-,-,-,1,-,-,-,-,-,-,-,-,-,-,-,-,-,-,-,-,-,-,-,-,2,2,-,-,2,2,4,-,3,-,-,-,-,-,-,-,-,-,-,-,-,-,-,-,-,-,-,-,-,-,-,-,-,-,-,-,-,-,-,-,-,-,-,-,-,-,-,-,-,-,-,-,-,-,4,-,-,-,-,-,-,-,-,-,-,-,-,-,-,-,-,-,-,-,-,-,-,-,-,-,-,-,-,-,-,-,-,-,-,-,-,-,-,-,-,-,-,-,-,-,-,-,-,-,-,-,-,-,4,-,-,-,-,-,-,-,-,1
21,rs12447919,16,"30,471,189",0.40000,0.37000,0.38000,0.00435,0.00137,0.00149,-0.49800,31.7%,-5770,-13030,-,-,-,-,-,-,-,-,-,-,-,-,-,-,-,-,-,-,-,1,-,-,-,-,-,-,-,-,1,-,-,-,-,-,-,-,-,-,-,-,-,-,-,-,-,-,-,-,-,2,2,-,-,2,2,4,-,3,-,-,-,-,-,-,-,-,-,-,-,-,-,-,-,-,-,-,-,-,-,-,-,-,-,-,-,-,-,-,-,-,-,-,-,-,-,-,-,-,-,-,-,-,-,4,-,-,-,-,-,-,-,-,-,-,-,-,-,-,-,-,-,-,-,-,-,-,-,-,-,-,-,-,-,-,-,-,-,-,-,-,-,-,-,-,-,-,-,-,-,-,-,-,-,-,-,-,-,5,-,-,-,-,-,-,-,-,1
22,rs76986545,16,"31,881,914",0.43000,0.54000,0.49000,-0.06730,0.00014,0.00026,0.43000,45.5%,-3164,-3376,-,-,-,-,-,-,-,-,-,-,-,-,-,-,-,-,1,-,1,4,-,-,-,-,-,-,-,-,-,-,-,-,-,-,-,-,-,-,-,-,-,-,-,-,-,-,-,-,-,3,-,1,-,2,2,1,-,1,-,-,-,-,-,-,-,-,-,-,-,-,-,-,-,-,-,-,-,-,-,-,-,-,-,-,-,-,-,-,-,-,-,-,-,-,-,-,-,-,-,-,-,-,-,3,-,-,-,-,-,-,-,-,-,-,-,-,-,-,-,-,-,-,-,-,-,-,-,-,-,-,-,-,-,-,-,-,-,-,-,-,-,-,-,-,-,-,-,-,-,-,-,-,-,-,-,-,-,1,-,-,-,-,-,1,-,-,-
23,rs73983095,17,"38,756,159",0.42000,0.47000,0.41000,-0.48165,0.00164,0.00066,2.12000,53.5%,-34434,-29086,-,-,-,-,-,-,-,-,-,-,-,-,-,-,-,-,-,-,-,1,-,-,-,-,1,-,-,-,1,-,-,-,-,-,-,1,-,-,-,-,-,-,-,-,-,-,-,-,-,3,3,3,-,2,3,2,-,1,-,-,-,-,-,-,-,-,-,-,-,-,-,-,-,-,-,-,-,-,-,-,-,-,-,-,-,-,-,-,-,-,-,-,-,-,-,-,-,-,-,-,-,-,-,4,-,-,-,-,-,-,-,-,-,-,-,-,-,-,-,-,-,-,-,-,-,-,-,-,-,-,-,-,-,-,-,-,-,-,-,-,-,-,-,-,-,-,-,-,-,-,-,-,-,-,-,-,-,-,-,-,-,-,-,-,1,-,-
24,rs148680900,17,"38,756,340",0.45000,0.41000,0.27000,-0.48064,0.00107,0.00015,-0.19800,47.5%,-34615,-28905,-,-,-,-,-,-,-,-,-,-,-,-,-,-,-,-,-,-,-,-,-,-,-,-,-,-,-,-,1,-,-,-,-,-,-,1,-,-,-,-,-,-,-,-,-,-,-,-,-,1,2,3,-,2,1,1,-,1,-,-,-,-,-,-,-,-,-,-,-,-,-,-,-,-,-,-,-,-,-,-,-,-,-,-,-,-,-,-,-,-,-,-,-,-,-,-,-,-,-,-,-,-,-,5,-,-,-,-,-,-,-,-,-,-,-,-,-,-,-,-,-,-,-,-,-,-,-,-,-,-,-,-,-,-,-,-,-,-,-,-,-,-,-,-,-,-,-,-,-,-,-,-,-,-,-,-,-,-,-,-,-,-,1,-,1,-,-
25,rs74442027,19,"18,404,437",0.36000,0.50000,0.59000,-0.64004,0.00148,0.00126,-2.56000,51.5%,-8130,-13928,-,-,-,-,-,-,-,-,-,-,-,-,-,-,-,-,-,-,-,6,-,-,-,-,-,-,-,-,1,-,-,-,-,-,-,5,-,-,-,-,-,-,-,-,-,-,-,-,-,6,9,-,-,13,11,14,2,10,-,-,-,-,-,-,-,-,-,-,-,-,-,-,-,-,-,-,-,-,-,-,-,-,1,-,-,-,-,-,-,-,-,-,-,-,2,-,-,-,-,-,-,-,-,-,-,-,-,-,-,-,-,-,-,-,-,-,-,-,-,-,-,-,-,-,-,-,-,-,-,-,-,-,-,-,-,2,-,-,-,-,2,-,-,-,-,-,-,-,-,-,-,-,-,-,-,-,-,-,-,2,-,-,-,-,1,-,-
26,rs78521712,2,"28,571,085",0.41000,0.48000,0.30000,0.05613,0.00067,0.00084,-2.76000,60.4%,-37758,9768,-,-,-,-,-,-,-,-,-,-,-,-,-,-,-,-,-,-,-,12,-,-,-,-,-,-,-,-,-,-,-,-,-,-,-,-,-,-,-,-,-,-,-,-,-,-,-,-,-,-,-,2,-,3,1,1,-,1,-,-,-,-,-,-,-,-,-,-,-,-,-,-,-,-,-,-,-,-,-,-,-,-,-,-,-,-,-,-,-,-,-,-,-,-,-,-,-,-,-,-,-,-,-,1,-,-,-,-,-,-,-,-,-,-,-,-,-,-,-,-,-,-,-,-,-,-,-,-,-,-,-,-,-,-,-,-,-,-,-,-,-,-,-,-,-,-,-,-,-,-,-,-,-,-,-,-,-,-,-,2,-,-,-,-,-,-,1
27,rs78702541,2,"28,904,282",0.42000,0.47000,0.43000,-0.60515,0.00210,0.00037,-4.98000,61.4%,-2559,17334,-,-,1,-,-,-,-,-,-,-,-,-,-,-,-,-,-,-,-,71,-,-,-,-,2,-,1,-,2,-,2,-,-,-,-,5,-,-,-,-,-,-,-,-,-,-,-,-,-,2,6,1,-,9,2,-,-,1,-,-,-,-,-,-,-,-,-,-,-,-,-,-,-,-,-,-,-,-,-,-,-,-,-,-,-,11,-,-,-,-,-,-,1,-,1,-,-,-,-,-,-,-,-,3,-,-,-,-,-,-,-,-,-,-,-,-,-,-,-,-,-,-,-,-,-,-,4,-,-,-,-,-,-,-,-,-,-,-,-,-,-,-,-,-,-,-,1,-,-,-,-,-,-,-,-,-,-,1,-,20,1,-,-,-,1,-,-
28,rs112640799,2,"202,023,001",0.38000,0.50000,0.77000,-0.65695,0.00101,0.00101,0.62100,55.4%,-485,523,-,-,-,1,1,-,-,-,-,-,-,-,-,-,-,-,-,-,-,71,-,-,-,-,3,-,-,-,5,-,-,-,-,-,-,12,-,-,-,-,-,-,-,2,2,-,-,-,-,3,11,-,13,12,6,2,-,3,-,-,-,-,-,-,-,-,-,-,1,-,-,-,-,-,1,-,-,-,1,-,-,-,3,-,-,10,-,-,-,-,-,-,2,-,3,-,-,-,-,-,-,-,-,-,-,-,-,-,1,-,-,-,-,-,-,-,-,-,-,3,-,-,-,-,-,-,-,-,-,-,-,-,1,1,-,-,-,-,-,-,-,-,7,5,-,-,1,-,-,-,-,-,-,-,-,-,-,5,-,13,-,-,-,-,1,-,-
29,rs61607564,5,"55,351,257",0.46000,0.47000,0.37000,0.32428,0.00013,0.00025,-1.32000,51.5%,-3619,-3666,-,-,-,-,-,-,-,-,-,-,-,-,-,-,-,-,-,-,-,22,-,-,-,-,-,-,-,-,-,-,-,-,-,-,-,-,-,-,-,-,-,-,-,-,-,-,-,-,-,1,-,3,-,1,-,-,-,-,-,-,-,-,-,-,-,-,-,-,-,-,-,-,-,-,-,-,-,-,-,-,-,-,-,-,-,-,-,-,-,-,-,-,-,-,-,-,-,-,-,-,-,-,-,4,-,-,-,-,-,-,-,-,-,-,-,-,-,-,-,-,-,-,-,-,-,-,-,-,-,-,-,-,-,-,-,-,-,-,-,-,-,-,-,-,-,-,-,-,-,-,-,-,-,-,-,-,-,-,-,-,-,-,-,-,1,-,-
30,rs244683,5,"133,427,149",0.30000,0.46000,0.37000,-0.58287,0.00179,0.00123,-2.03000,43.6%,-23252,-23697,-,-,-,-,-,-,-,-,-,-,-,-,-,-,-,-,-,-,-,-,-,-,-,-,-,-,-,-,1,-,-,-,-,-,-,1,-,-,-,-,-,-,-,-,-,-,-,-,-,-,1,7,-,3,1,2,-,-,-,-,-,-,-,-,-,-,-,-,-,-,-,-,-,-,-,-,-,-,-,-,-,-,-,-,-,-,-,-,-,-,-,-,-,-,-,-,-,-,-,-,-,-,-,4,-,-,-,-,-,-,-,-,-,-,-,-,-,-,-,-,-,-,-,-,-,-,-,-,-,-,-,-,-,-,-,-,-,-,-,-,-,-,-,-,-,-,-,-,-,-,-,-,-,-,-,-,-,-,-,-,-,-,-,-,-,1,-
31,rs73790131,5,"133,435,253",0.40000,0.57000,0.37000,-0.12420,0.00012,0.00024,0.38700,43.6%,-15148,-15593,-,-,1,-,-,-,-,-,-,-,-,-,-,3,-,-,4,-,1,12,-,-,-,-,-,-,2,-,1,-,-,-,-,-,-,7,-,-,-,-,-,-,-,-,-,-,-,-,-,2,2,2,-,6,3,3,-,3,-,-,-,-,-,-,-,-,-,-,-,-,-,-,-,-,-,-,-,-,1,-,-,-,-,-,-,-,-,-,-,-,-,-,-,-,1,-,-,-,-,-,-,2,-,3,-,-,-,-,-,-,-,-,-,-,-,-,-,-,-,-,-,-,-,-,-,-,-,-,-,-,-,1,-,1,-,-,-,-,-,-,-,-,-,-,-,-,-,-,-,-,-,-,-,-,-,-,-,-,-,-,-,-,-,-,-,-,1
32,rs116533750,5,"133,440,632",0.54000,0.50000,0.37000,-1.19432,0.00006,0.00012,1.03000,58.4%,-9769,-10214,-,-,-,-,-,-,-,-,-,-,-,-,-,-,-,-,-,-,3,3,-,-,-,-,-,-,-,-,1,-,-,-,-,-,-,-,-,-,-,-,-,-,-,-,-,-,-,-,-,1,1,-,-,3,1,1,-,1,-,-,-,-,-,-,-,-,-,-,-,-,-,-,-,-,-,-,-,-,-,-,-,-,-,-,-,-,-,-,-,-,-,-,-,-,1,-,-,-,-,-,-,-,-,2,-,-,-,-,-,-,-,-,-,-,-,-,-,-,-,-,-,-,-,-,-,-,-,-,-,-,-,-,-,-,-,-,-,-,-,-,-,-,-,-,-,-,-,-,-,-,-,-,-,-,-,-,-,-,-,-,-,-,-,-,1,-,-
33,rs73790135,5,"133,440,982",0.46000,0.50000,0.32000,-0.55398,0.00007,0.00013,-3.47000,56.4%,-9419,-9864,-,-,-,-,-,-,-,-,-,-,-,-,-,-,-,-,2,-,3,4,-,-,-,-,-,-,-,-,1,-,-,-,-,-,-,-,-,-,-,-,-,-,-,-,-,-,-,-,-,1,1,-,-,3,1,1,-,1,-,-,-,-,-,-,-,-,-,-,-,-,-,-,-,-,-,-,-,-,-,-,-,-,-,-,-,-,-,-,-,-,-,-,-,-,-,-,-,-,-,-,-,-,-,2,-,-,-,-,-,-,-,-,-,-,-,-,-,-,-,-,-,-,-,-,-,-,-,-,-,-,-,-,-,-,-,-,-,-,-,-,-,-,-,-,-,-,-,-,-,-,-,-,-,-,-,-,-,-,-,-,-,-,-,-,1,-,-
34,rs116302151,6,"112,350,632",0.38000,0.37000,0.27000,-0.89022,0.00127,0.00048,1.40000,46.5%,-24642,-24732,-,-,-,-,-,-,-,-,-,-,-,-,-,-,-,-,56,1,6,104,-,-,-,-,-,-,-,-,-,-,-,-,-,-,-,13,-,-,-,-,-,-,-,-,-,-,-,-,-,3,-,1,-,2,1,-,-,-,-,-,-,-,-,-,-,-,-,-,-,-,-,-,-,-,-,-,-,-,-,-,-,-,-,-,-,-,-,-,-,-,-,-,-,-,-,-,-,-,-,-,-,7,-,-,-,-,-,-,-,-,-,-,-,-,-,-,3,-,-,-,-,-,-,-,-,-,-,-,-,2,-,-,-,-,-,-,-,-,-,1,-,-,-,-,-,-,-,-,-,10,-,-,-,-,-,-,-,-,-,32,-,-,-,-,-,-,1
35,rs79370560,6,"135,484,217",0.37000,0.65000,0.36000,-1.24555,0.00127,0.00139,2.29000,25.7%,-18235,-18457,-,-,-,-,-,-,-,-,-,-,-,-,-,-,-,-,-,-,1,-,-,-,-,-,-,-,-,-,-,-,-,-,-,-,-,-,-,-,-,-,-,-,-,-,-,-,-,-,-,2,1,-,-,2,2,3,-,1,-,-,-,-,-,-,-,-,-,-,-,-,-,-,-,-,-,-,-,-,-,-,-,-,-,-,-,-,-,-,-,-,-,-,-,-,-,-,-,-,-,-,-,-,-,3,-,-,-,-,-,-,-,-,-,-,-,-,-,-,-,-,-,-,-,-,-,-,-,-,-,-,-,-,-,-,-,-,-,-,-,-,1,-,-,-,-,-,-,-,-,-,-,-,-,-,-,-,-,-,-,-,-,-,-,1,-,-,-
36,rs73555718,6,"135,484,552",0.72000,0.69000,0.54000,0.17019,0.00007,0.00014,4.66000,51.5%,-17900,-18122,-,-,-,-,-,-,-,-,-,-,-,-,-,-,-,-,-,-,-,2,-,-,-,-,1,-,-,-,-,-,-,-,-,-,-,3,-,-,-,-,-,-,-,-,-,-,-,-,-,2,1,-,-,2,2,3,-,1,-,-,-,-,-,-,-,-,-,-,-,-,-,-,-,-,-,-,-,-,-,-,-,-,-,-,-,-,-,-,-,-,-,-,-,-,8,-,-,-,-,-,-,-,-,3,-,-,-,-,-,-,-,-,-,-,-,-,-,-,-,-,-,-,-,-,-,-,-,-,-,-,-,-,-,-,-,-,-,-,-,-,1,-,-,-,-,-,-,-,-,-,-,-,-,-,-,-,-,-,-,1,-,-,-,-,1,-,-
37,rs75380469,6,"135,484,709",0.49000,0.58000,0.50000,1.93129,0.00021,0.00037,0.83100,43.6%,-17743,-17965,-,-,-,-,-,-,-,-,-,-,-,-,-,-,-,-,-,-,-,17,-,-,-,-,3,-,-,-,-,-,-,-,-,-,-,2,-,-,-,-,-,-,-,-,-,-,-,-,-,2,1,-,-,2,2,3,-,1,-,-,-,-,-,-,-,-,-,-,-,-,-,-,-,-,-,-,-,-,-,1,-,-,-,-,-,10,-,-,-,-,-,-,-,-,5,-,-,-,-,-,-,-,-,2,-,-,-,-,-,-,-,-,-,-,-,-,-,-,-,1,-,-,-,-,-,-,-,-,-,-,-,-,-,-,-,-,-,-,1,-,1,-,-,-,-,-,-,-,-,-,-,-,-,-,-,-,-,-,-,3,-,-,-,-,1,-,-
38,rs77129018,7,"2,738,876",0.37000,0.48000,0.82000,-0.90876,0.00093,0.00143,0.41900,55.4%,-2778,-989,-,-,-,-,-,-,-,-,-,-,-,-,-,-,-,-,-,-,-,13,-,-,-,-,-,-,1,-,-,-,-,-,-,-,-,8,-,-,-,-,-,-,-,-,-,-,-,-,-,-,-,6,-,3,1,3,-,1,-,-,1,-,-,-,-,-,-,-,1,-,-,-,-,-,-,-,-,-,-,-,-,-,-,-,-,2,-,-,-,-,-,-,-,-,1,-,-,-,-,-,-,-,-,4,-,-,-,-,-,-,-,-,-,-,-,-,-,-,-,-,-,-,-,-,-,-,-,-,-,-,-,-,-,-,-,-,-,-,-,-,1,-,-,-,-,-,1,-,-,-,-,-,-,-,-,-,-,1,-,3,1,-,-,-,-,1,-
39,rs78467437,9,"4,530,319",0.37000,0.36000,0.25000,0.05742,0.00210,0.00058,1.38000,35.6%,-29485,-14245,-,-,-,-,-,-,-,-,-,-,-,-,-,-,-,-,-,-,-,1,-,-,-,-,-,-,-,-,2,-,-,-,-,-,-,-,-,-,-,-,-,-,-,-,-,-,-,-,-,-,3,-,-,4,3,1,-,1,-,1,-,-,-,-,-,-,-,-,1,-,-,-,-,-,-,-,-,-,-,-,-,-,-,-,-,-,-,-,-,-,-,-,-,-,-,-,-,-,-,-,-,-,-,3,-,-,-,-,-,-,-,-,-,-,-,-,-,-,-,-,-,-,-,-,-,-,-,-,-,-,-,-,-,-,-,-,-,-,-,-,-,-,-,-,-,-,1,-,-,-,-,-,-,-,-,-,-,-,-,-,-,-,-,-,-,-,1
40,rs12003904,9,"4,530,936",0.39000,0.32000,0.20000,-0.00567,0.00177,0.00131,0.15600,40.6%,-28868,-13628,-,-,-,-,-,-,-,-,-,-,-,-,-,-,-,-,-,-,-,22,-,-,-,-,-,-,-,-,2,-,-,-,-,-,-,1,-,-,-,-,-,-,-,-,-,-,-,-,-,-,3,-,-,4,3,1,-,1,-,1,-,-,-,-,-,-,-,-,1,-,-,-,-,-,-,-,-,-,-,-,-,-,-,-,-,-,-,-,-,-,-,-,-,-,-,-,-,-,-,-,-,-,-,3,-,-,-,-,-,-,-,-,-,-,-,-,-,-,-,-,-,-,-,-,-,-,-,-,-,-,-,-,-,-,-,-,-,-,1,-,-,-,-,-,-,-,-,-,-,-,-,-,-,-,-,-,-,-,-,1,-,-,-,-,-,1,-
41,rs7848494,9,"123,655,938",0.50000,0.64000,0.50000,-1.52891,0.00037,0.00055,-5.12000,48.5%,-16331,-11578,-,-,-,-,-,-,-,-,-,-,-,-,-,-,-,-,-,-,-,29,-,-,-,-,-,-,-,-,1,-,-,-,-,-,-,3,-,-,-,-,-,-,-,-,-,-,-,-,-,2,3,4,-,11,2,2,-,2,-,-,-,-,-,-,-,-,-,-,-,-,-,-,-,-,-,-,-,-,1,-,-,-,-,-,-,-,-,-,-,-,-,-,-,-,5,-,-,-,-,-,-,-,-,2,-,-,-,-,-,-,-,-,-,-,-,-,-,-,-,-,-,-,-,-,-,-,-,-,-,1,-,-,-,-,-,-,-,-,-,-,-,-,-,-,-,-,-,-,-,-,-,-,-,-,-,-,-,-,-,3,1,-,-,-,1,-,-
42,rs9785601,X,"12,965,004",0.46000,0.40000,0.32000,-1.11622,0.00073,0.00104,-5.28000,48.5%,-28222,27841,-,-,-,-,-,1,-,-,-,-,-,-,-,1,-,-,57,-,2,28,-,-,-,-,-,-,-,-,-,-,-,-,-,-,-,9,-,-,-,-,1,-,-,-,-,-,-,1,-,4,10,-,-,9,7,2,1,7,-,1,-,-,-,-,-,-,-,-,-,-,-,2,-,-,2,-,-,-,2,1,-,-,1,-,-,2,-,-,-,-,-,-,1,-,-,-,-,1,-,-,-,8,-,-,-,1,-,-,-,-,-,1,-,-,-,-,3,-,-,-,-,-,1,-,-,-,-,-,-,-,-,-,-,-,-,-,-,-,-,1,-,-,-,-,-,-,-,-,-,3,-,-,-,1,1,-,-,-,-,5,-,-,-,-,-,-,1